id,longitude,latitude,year,rgb_file,ndvi_file,landcover_file,known_forest,s2_image_count,dw_image_count,forest_percentage,mean_ndvi
35,-176.53135131986818,54.174114161888895,2019,rgb_35_2019.tif,ndvi_35_2019.tif,landcover_35_2019.tif,0,6,24,,
376,54.55438179613702,39.51852172570579,2020,rgb_376_2020.tif,ndvi_376_2020.tif,landcover_376_2020.tif,0,70,99,0.0,
35,-176.53135131986818,54.174114161888895,2021,rgb_35_2021.tif,ndvi_35_2021.tif,landcover_35_2021.tif,0,8,32,,
383,90.75493702846028,52.54658838823214,2022,rgb_383_2022.tif,ndvi_383_2022.tif,landcover_383_2022.tif,1,74,139,77.04693998811646,
297,52.0130074070878,23.516425946129782,2019,rgb_297_2019.tif,ndvi_297_2019.tif,landcover_297_2019.tif,0,99,178,0.0,
287,116.35440530014417,51.22708630907978,2019,rgb_287_2019.tif,ndvi_287_2019.tif,landcover_287_2019.tif,0,47,63,4.00990099009901,
133,16.340874888001906,26.342067493954332,2019,rgb_133_2019.tif,ndvi_133_2019.tif,landcover_133_2019.tif,0,62,66,0.0,
359,96.71097228402334,54.733611802889385,2020,rgb_359_2020.tif,ndvi_359_2020.tif,landcover_359_2020.tif,1,20,44,53.05900532249757,
291,127.4198764728768,28.610546132285123,2022,rgb_291_2022.tif,ndvi_291_2022.tif,landcover_291_2022.tif,0,12,28,,
326,168.6936064574411,-10.842478462734078,2020,rgb_326_2020.tif,ndvi_326_2020.tif,landcover_326_2020.tif,0,61,105,,
148,-125.9448778179236,42.00036086155693,2021,rgb_148_2021.tif,ndvi_148_2021.tif,landcover_148_2021.tif,0,35,61,,
190,-72.80100421686622,-47.99171902346296,2019,rgb_190_2019.tif,ndvi_190_2019.tif,landcover_190_2019.tif,0,20,24,0.0,
287,116.35440530014417,51.22708630907978,2022,rgb_287_2022.tif,ndvi_287_2022.tif,landcover_287_2022.tif,1,42,54,36.194306930693074,
391,138.6253353133098,-11.507606038217176,2021,rgb_391_2021.tif,ndvi_391_2021.tif,landcover_391_2021.tif,0,40,62,,
162,104.70806082295104,49.14020311924816,2019,rgb_162_2019.tif,ndvi_162_2019.tif,landcover_162_2019.tif,0,51,60,5.500550055005501,
289,-103.25583453334848,50.74392893233866,2021,rgb_289_2021.tif,ndvi_289_2021.tif,landcover_289_2021.tif,0,61,54,7.808705398841771,
277,124.3202856925783,53.12861599345676,2020,rgb_277_2020.tif,ndvi_277_2020.tif,landcover_277_2020.tif,0,32,65,0.0,
178,34.578204233342575,54.96167450399845,2020,rgb_178_2020.tif,ndvi_178_2020.tif,landcover_178_2020.tif,1,82,132,48.69124843518834,
37,-80.92919097295605,11.115180127691858,2022,rgb_37_2022.tif,ndvi_37_2022.tif,landcover_37_2022.tif,0,44,92,,
241,-116.5524573480102,38.527158716461614,2022,rgb_241_2022.tif,ndvi_241_2022.tif,landcover_241_2022.tif,1,47,102,56.83013613861386,
350,-6.870046439637292,-44.35996031153291,2019,rgb_350_2019.tif,ndvi_350_2019.tif,landcover_350_2019.tif,0,2,10,,
147,-78.47953947472364,11.60650924069239,2022,rgb_147_2022.tif,ndvi_147_2022.tif,landcover_147_2022.tif,0,18,33,,
194,26.504988297432135,23.800590982316052,2022,rgb_194_2022.tif,ndvi_194_2022.tif,landcover_194_2022.tif,0,127,119,0.0,
243,4.747336844060243,-1.8030621650381633,2022,rgb_243_2022.tif,ndvi_243_2022.tif,landcover_243_2022.tif,0,3,15,,
173,112.46559379771384,10.69328681228967,2019,rgb_173_2019.tif,ndvi_173_2019.tif,landcover_173_2019.tif,0,27,41,,
157,41.74658252512651,35.081723999590636,2020,rgb_157_2020.tif,ndvi_157_2020.tif,landcover_157_2020.tif,0,89,212,0.0,
314,-124.6089282952076,43.42627837485344,2019,rgb_314_2019.tif,ndvi_314_2019.tif,landcover_314_2019.tif,0,18,33,,
356,86.20727608425227,42.35102935374536,2020,rgb_356_2020.tif,ndvi_356_2020.tif,landcover_356_2020.tif,0,25,41,0.0,
327,-52.57473841756871,11.55842896101666,2020,rgb_327_2020.tif,ndvi_327_2020.tif,landcover_327_2020.tif,0,4,6,,
29,36.87868093329402,38.18269482926013,2019,rgb_29_2019.tif,ndvi_29_2019.tif,landcover_29_2019.tif,0,38,43,0.0,
149,111.48133607950685,50.768152652625034,2022,rgb_149_2022.tif,ndvi_149_2022.tif,landcover_149_2022.tif,1,26,71,78.4747462087981,
265,-22.21020891406735,15.708181167714145,2022,rgb_265_2022.tif,ndvi_265_2022.tif,landcover_265_2022.tif,0,28,49,,
239,-126.0601236405344,37.76727596376644,2022,rgb_239_2022.tif,ndvi_239_2022.tif,landcover_239_2022.tif,0,78,121,,
181,-105.65249338989705,47.27696887827862,2021,rgb_181_2021.tif,ndvi_181_2021.tif,landcover_181_2021.tif,0,24,25,12.135402729462136,
271,17.854606843825422,47.45613227626275,2021,rgb_271_2021.tif,ndvi_271_2021.tif,landcover_271_2021.tif,0,24,60,0.30104361787530104,
296,114.60992760089908,33.76482571395408,2019,rgb_296_2019.tif,ndvi_296_2019.tif,landcover_296_2019.tif,0,41,52,0.0,
157,41.74658252512651,35.081723999590636,2021,rgb_157_2021.tif,ndvi_157_2021.tif,landcover_157_2021.tif,0,106,223,0.0,
268,159.37510528297753,53.93297259872698,2019,rgb_268_2019.tif,ndvi_268_2019.tif,landcover_268_2019.tif,0,40,49,0.0,
299,19.22973282394696,19.573511123221493,2019,rgb_299_2019.tif,ndvi_299_2019.tif,landcover_299_2019.tif,0,59,63,0.0,
227,-62.44471257340702,-38.62622634101185,2021,rgb_227_2021.tif,ndvi_227_2021.tif,landcover_227_2021.tif,0,34,39,5.290841584158415,
296,114.60992760089908,33.76482571395408,2021,rgb_296_2021.tif,ndvi_296_2021.tif,landcover_296_2021.tif,0,46,56,0.0,
180,14.152899544242558,46.39750912259167,2020,rgb_180_2020.tif,ndvi_180_2020.tif,landcover_180_2020.tif,0,17,53,29.34107203823831,
299,19.22973282394696,19.573511123221493,2021,rgb_299_2021.tif,ndvi_299_2021.tif,landcover_299_2021.tif,0,66,63,0.0,
295,-86.64928669644026,31.760487559770624,2022,rgb_295_2022.tif,ndvi_295_2022.tif,landcover_295_2022.tif,1,19,83,76.7494546064776,
157,41.74658252512651,35.081723999590636,2022,rgb_157_2022.tif,ndvi_157_2022.tif,landcover_157_2022.tif,0,87,204,0.0,
320,80.60571909612003,14.483244420773232,2020,rgb_320_2020.tif,ndvi_320_2020.tif,landcover_320_2020.tif,0,28,44,,
381,99.00395172202724,-4.322760525173841,2020,rgb_381_2020.tif,ndvi_381_2020.tif,landcover_381_2020.tif,0,3,23,0.0,
350,-6.870046439637292,-44.35996031153291,2022,rgb_350_2022.tif,ndvi_350_2022.tif,landcover_350_2022.tif,0,1,8,0.0,
312,174.21714125388797,1.1170731258643087,2022,rgb_312_2022.tif,ndvi_312_2022.tif,landcover_312_2022.tif,0,43,58,,
356,86.20727608425227,42.35102935374536,2021,rgb_356_2021.tif,ndvi_356_2021.tif,landcover_356_2021.tif,0,26,39,0.0,
133,16.340874888001906,26.342067493954332,2022,rgb_133_2022.tif,ndvi_133_2022.tif,landcover_133_2022.tif,0,60,100,0.0,
180,14.152899544242558,46.39750912259167,2021,rgb_180_2021.tif,ndvi_180_2021.tif,landcover_180_2021.tif,0,20,58,29.347900307272106,
340,111.2946978956444,17.046449589052898,2021,rgb_340_2021.tif,ndvi_340_2021.tif,landcover_340_2021.tif,0,31,43,,
383,90.75493702846028,52.54658838823214,2019,rgb_383_2019.tif,ndvi_383_2019.tif,landcover_383_2019.tif,1,68,89,77.42721330956626,
181,-105.65249338989705,47.27696887827862,2022,rgb_181_2022.tif,ndvi_181_2022.tif,landcover_181_2022.tif,0,17,56,25.86299170457586,
29,36.87868093329402,38.18269482926013,2021,rgb_29_2021.tif,ndvi_29_2021.tif,landcover_29_2021.tif,0,45,56,0.0,
16,116.4074,39.9042,2020,rgb_16_2020.tif,ndvi_16_2020.tif,landcover_16_2020.tif,0,63,86,0.08313808480084649,
20,-96.797,32.7767,2019,rgb_20_2019.tif,ndvi_20_2019.tif,landcover_20_2019.tif,0,114,150,0.024752475247524754,
178,34.578204233342575,54.96167450399845,2021,rgb_178_2021.tif,ndvi_178_2021.tif,landcover_178_2021.tif,1,88,137,48.68555821099351,
271,17.854606843825422,47.45613227626275,2019,rgb_271_2019.tif,ndvi_271_2019.tif,landcover_271_2019.tif,0,24,59,0.0668985817500669,
355,134.43296745388278,7.294370610708576,2019,rgb_355_2019.tif,ndvi_355_2019.tif,landcover_355_2019.tif,0,16,36,18.627450980392158,
235,-14.125383497304256,8.937240782877694,2021,rgb_235_2021.tif,ndvi_235_2021.tif,landcover_235_2021.tif,0,16,30,,
180,14.152899544242558,46.39750912259167,2022,rgb_180_2022.tif,ndvi_180_2022.tif,landcover_180_2022.tif,0,18,65,29.764424718333903,
253,135.25706226769313,-25.24885628478501,2019,rgb_253_2019.tif,ndvi_253_2019.tif,landcover_253_2019.tif,0,65,67,0.0,
301,-120.87336089011905,33.3959038619485,2022,rgb_301_2022.tif,ndvi_301_2022.tif,landcover_301_2022.tif,0,48,87,,
159,69.19895020946797,41.78923751835481,2019,rgb_159_2019.tif,ndvi_159_2019.tif,landcover_159_2019.tif,0,79,90,0.0,
29,36.87868093329402,38.18269482926013,2022,rgb_29_2022.tif,ndvi_29_2022.tif,landcover_29_2022.tif,0,35,74,0.0,
307,112.70280061682774,25.85500692948922,2021,rgb_307_2021.tif,ndvi_307_2021.tif,landcover_307_2021.tif,1,39,51,43.007425742574256,
280,2.1049518191333902,27.92217235316376,2020,rgb_280_2020.tif,ndvi_280_2020.tif,landcover_280_2020.tif,0,52,122,0.0,
391,138.6253353133098,-11.507606038217176,2020,rgb_391_2020.tif,ndvi_391_2020.tif,landcover_391_2020.tif,0,44,73,,
350,-6.870046439637292,-44.35996031153291,2020,rgb_350_2020.tif,ndvi_350_2020.tif,landcover_350_2020.tif,0,1,6,0.0,
271,17.854606843825422,47.45613227626275,2022,rgb_271_2022.tif,ndvi_271_2022.tif,landcover_271_2022.tif,0,27,63,0.12041744715012041,
169,4.792464420863951,23.904046987851913,2022,rgb_169_2022.tif,ndvi_169_2022.tif,landcover_169_2022.tif,0,53,87,0.0,
138,106.15154789390192,-2.4007601626589192,2020,rgb_138_2020.tif,ndvi_138_2020.tif,landcover_138_2020.tif,1,16,41,76.57092441917459,
312,174.21714125388797,1.1170731258643087,2019,rgb_312_2019.tif,ndvi_312_2019.tif,landcover_312_2019.tif,0,3,8,,
257,32.18593801748693,-18.409108072649637,2021,rgb_257_2021.tif,ndvi_257_2021.tif,landcover_257_2021.tif,1,79,99,73.44479730991968,
297,52.0130074070878,23.516425946129782,2021,rgb_297_2021.tif,ndvi_297_2021.tif,landcover_297_2021.tif,0,122,195,0.0,
188,62.74955371499891,27.5586223252578,2020,rgb_188_2020.tif,ndvi_188_2020.tif,landcover_188_2020.tif,0,106,114,0.0,
169,4.792464420863951,23.904046987851913,2021,rgb_169_2021.tif,ndvi_169_2021.tif,landcover_169_2021.tif,0,55,55,0.0,
241,-116.5524573480102,38.527158716461614,2020,rgb_241_2020.tif,ndvi_241_2020.tif,landcover_241_2020.tif,1,47,50,51.37685643564357,
394,16.347849631477942,33.30119651091702,2019,rgb_394_2019.tif,ndvi_394_2019.tif,landcover_394_2019.tif,0,84,115,,
277,124.3202856925783,53.12861599345676,2019,rgb_277_2019.tif,ndvi_277_2019.tif,landcover_277_2019.tif,0,31,67,0.0,
229,-105.50369096699826,52.88332168439376,2021,rgb_229_2021.tif,ndvi_229_2021.tif,landcover_229_2021.tif,0,46,47,0.49504950495049505,
335,-68.4676101254296,-13.892853829019105,2019,rgb_335_2019.tif,ndvi_335_2019.tif,landcover_335_2019.tif,1,16,29,78.08453922315309,
246,133.67860807511966,-27.78675904063067,2019,rgb_246_2019.tif,ndvi_246_2019.tif,landcover_246_2019.tif,0,65,68,29.080872689038817,
167,-126.07972145245832,54.40789739627935,2022,rgb_167_2022.tif,ndvi_167_2022.tif,landcover_167_2022.tif,1,44,83,76.5845873233014,
389,34.07103788617363,30.238824262547084,2019,rgb_389_2019.tif,ndvi_389_2019.tif,landcover_389_2019.tif,0,111,119,0.0,
188,62.74955371499891,27.5586223252578,2022,rgb_188_2022.tif,ndvi_188_2022.tif,landcover_188_2022.tif,0,116,124,0.0,
306,140.31110343785298,-25.2979209018286,2022,rgb_306_2022.tif,ndvi_306_2022.tif,landcover_306_2022.tif,0,49,90,3.4430470074034427,
39,32.35970314280823,52.5937300785328,2022,rgb_39_2022.tif,ndvi_39_2022.tif,landcover_39_2022.tif,0,9,50,4.944494449444944,
258,-163.93666010815153,53.10615302382894,2019,rgb_258_2019.tif,ndvi_258_2019.tif,landcover_258_2019.tif,0,14,38,,
348,-122.13196323567809,34.58538809694238,2020,rgb_348_2020.tif,ndvi_348_2020.tif,landcover_348_2020.tif,0,12,31,,
17,103.8198,1.3521,2020,rgb_17_2020.tif,ndvi_17_2020.tif,landcover_17_2020.tif,1,4,24,78.82178217821783,
284,66.41941329692509,51.38251649945862,2019,rgb_284_2019.tif,ndvi_284_2019.tif,landcover_284_2019.tif,0,256,235,0.0,
183,-103.6488789655694,38.883738001496056,2020,rgb_183_2020.tif,ndvi_183_2020.tif,landcover_183_2020.tif,0,46,46,0.0,
303,59.48279414813078,22.698883802712015,2019,rgb_303_2019.tif,ndvi_303_2019.tif,landcover_303_2019.tif,0,51,81,,
228,-90.68441561733982,17.517107790593926,2019,rgb_228_2019.tif,ndvi_228_2019.tif,landcover_228_2019.tif,1,58,92,72.62611975483263,
382,-144.15486576505845,32.1876052815355,2021,rgb_382_2021.tif,ndvi_382_2021.tif,landcover_382_2021.tif,0,11,21,,
363,-42.343815385813855,-11.39691030859251,2022,rgb_363_2022.tif,ndvi_363_2022.tif,landcover_363_2022.tif,1,36,46,78.72257814016696,
265,-22.21020891406735,15.708181167714145,2021,rgb_265_2021.tif,ndvi_265_2021.tif,landcover_265_2021.tif,0,34,53,,
175,-69.1885276462183,13.484185097957038,2020,rgb_175_2020.tif,ndvi_175_2020.tif,landcover_175_2020.tif,0,78,171,,
351,65.46028161385055,43.409100654406416,2020,rgb_351_2020.tif,ndvi_351_2020.tif,landcover_351_2020.tif,0,81,98,0.09327019658487588,
246,133.67860807511966,-27.78675904063067,2020,rgb_246_2020.tif,ndvi_246_2020.tif,landcover_246_2020.tif,0,50,54,5.134495750460002,
335,-68.4676101254296,-13.892853829019105,2022,rgb_335_2022.tif,ndvi_335_2022.tif,landcover_335_2022.tif,1,10,28,78.08453922315309,
289,-103.25583453334848,50.74392893233866,2022,rgb_289_2022.tif,ndvi_289_2022.tif,landcover_289_2022.tif,0,36,51,3.574319696120556,
268,159.37510528297753,53.93297259872698,2021,rgb_268_2021.tif,ndvi_268_2021.tif,landcover_268_2021.tif,0,39,46,0.0,
241,-116.5524573480102,38.527158716461614,2019,rgb_241_2019.tif,ndvi_241_2019.tif,landcover_241_2019.tif,1,31,34,64.0934405940594,
361,-120.82399533590174,-26.56011162040678,2019,rgb_361_2019.tif,ndvi_361_2019.tif,landcover_361_2019.tif,0,9,31,,
255,-2.712456366391905,34.15547044059117,2019,rgb_255_2019.tif,ndvi_255_2019.tif,landcover_255_2019.tif,0,43,52,13.944255388105656,
394,16.347849631477942,33.30119651091702,2022,rgb_394_2022.tif,ndvi_394_2022.tif,landcover_394_2022.tif,0,86,122,,
265,-22.21020891406735,15.708181167714145,2020,rgb_265_2020.tif,ndvi_265_2020.tif,landcover_265_2020.tif,0,30,47,,
237,15.08096763982067,-22.034186627851778,2019,rgb_237_2019.tif,ndvi_237_2019.tif,landcover_237_2019.tif,0,77,106,0.0,
246,133.67860807511966,-27.78675904063067,2021,rgb_246_2021.tif,ndvi_246_2021.tif,landcover_246_2021.tif,0,48,53,20.362744239025673,
178,34.578204233342575,54.96167450399845,2019,rgb_178_2019.tif,ndvi_178_2019.tif,landcover_178_2019.tif,1,96,151,51.54774098099465,
228,-90.68441561733982,17.517107790593926,2022,rgb_228_2022.tif,ndvi_228_2022.tif,landcover_228_2022.tif,1,20,61,51.21169259783122,
253,135.25706226769313,-25.24885628478501,2022,rgb_253_2022.tif,ndvi_253_2022.tif,landcover_253_2022.tif,0,47,83,0.0,
149,111.48133607950685,50.768152652625034,2021,rgb_149_2021.tif,ndvi_149_2021.tif,landcover_149_2021.tif,0,25,51,24.125830304549442,
331,130.55275050633378,14.782275778443209,2019,rgb_331_2019.tif,ndvi_331_2019.tif,landcover_331_2019.tif,0,3,4,,
280,2.1049518191333902,27.92217235316376,2019,rgb_280_2019.tif,ndvi_280_2019.tif,landcover_280_2019.tif,0,55,121,0.0,
255,-2.712456366391905,34.15547044059117,2021,rgb_255_2021.tif,ndvi_255_2021.tif,landcover_255_2021.tif,0,42,52,14.292659212445308,
247,129.38178614373402,46.29234351485164,2022,rgb_247_2022.tif,ndvi_247_2022.tif,landcover_247_2022.tif,1,43,59,50.27045300878973,
351,65.46028161385055,43.409100654406416,2021,rgb_351_2021.tif,ndvi_351_2021.tif,landcover_351_2021.tif,0,78,88,0.0,
134,97.23239535562412,31.030499321634124,2021,rgb_134_2021.tif,ndvi_134_2021.tif,landcover_134_2021.tif,1,10,21,77.65208647561589,
159,69.19895020946797,41.78923751835481,2020,rgb_159_2020.tif,ndvi_159_2020.tif,landcover_159_2020.tif,0,74,83,0.007334066740007334,
275,-59.96699474988043,3.717231201311826,2019,rgb_275_2019.tif,ndvi_275_2019.tif,landcover_275_2019.tif,0,9,22,19.860221316249273,
239,-126.0601236405344,37.76727596376644,2019,rgb_239_2019.tif,ndvi_239_2019.tif,landcover_239_2019.tif,0,44,63,,
159,69.19895020946797,41.78923751835481,2022,rgb_159_2022.tif,ndvi_159_2022.tif,landcover_159_2022.tif,0,67,85,0.014668133480014669,
310,43.614892361853975,13.640480599282055,2021,rgb_310_2021.tif,ndvi_310_2021.tif,landcover_310_2021.tif,1,50,64,63.413937547600916,
200,81.13509450680442,40.22530049210377,2019,rgb_200_2019.tif,ndvi_200_2019.tif,landcover_200_2019.tif,0,50,65,0.0,
20,-96.797,32.7767,2022,rgb_20_2022.tif,ndvi_20_2022.tif,landcover_20_2022.tif,0,144,180,0.066006600660066,
390,49.267002040166744,25.200185615188204,2022,rgb_390_2022.tif,ndvi_390_2022.tif,landcover_390_2022.tif,0,62,113,0.0,
28,135.12740402002555,49.01626093823987,2020,rgb_28_2020.tif,ndvi_28_2020.tif,landcover_28_2020.tif,1,84,113,66.70549407881965,
284,66.41941329692509,51.38251649945862,2020,rgb_284_2020.tif,ndvi_284_2020.tif,landcover_284_2020.tif,0,234,256,0.0,
352,-58.77688520661326,9.73759452374462,2022,rgb_352_2022.tif,ndvi_352_2022.tif,landcover_352_2022.tif,0,45,108,,
245,99.19622219955828,30.430672715407795,2019,rgb_245_2019.tif,ndvi_245_2019.tif,landcover_245_2019.tif,0,15,25,,
146,-66.97047571662605,-15.471631892237248,2019,rgb_146_2019.tif,ndvi_146_2019.tif,landcover_146_2019.tif,1,18,32,78.64623000761614,
383,90.75493702846028,52.54658838823214,2020,rgb_383_2020.tif,ndvi_383_2020.tif,landcover_383_2020.tif,1,67,98,77.42721330956626,
395,76.85367517496746,30.34780350270259,2019,rgb_395_2019.tif,ndvi_395_2019.tif,landcover_395_2019.tif,0,28,39,20.177534994878798,
227,-62.44471257340702,-38.62622634101185,2022,rgb_227_2022.tif,ndvi_227_2022.tif,landcover_227_2022.tif,0,31,70,6.203589108910891,
370,-129.51218680923586,-28.031117775862867,2019,rgb_370_2019.tif,ndvi_370_2019.tif,landcover_370_2019.tif,0,7,21,,
335,-68.4676101254296,-13.892853829019105,2020,rgb_335_2020.tif,ndvi_335_2020.tif,landcover_335_2020.tif,1,17,31,78.08453922315309,
227,-62.44471257340702,-38.62622634101185,2019,rgb_227_2019.tif,ndvi_227_2019.tif,landcover_227_2019.tif,0,34,44,5.267636138613861,
148,-125.9448778179236,42.00036086155693,2022,rgb_148_2022.tif,ndvi_148_2022.tif,landcover_148_2022.tif,0,36,68,,
335,-68.4676101254296,-13.892853829019105,2021,rgb_335_2021.tif,ndvi_335_2021.tif,landcover_335_2021.tif,1,10,27,78.08453922315309,
194,26.504988297432135,23.800590982316052,2021,rgb_194_2021.tif,ndvi_194_2021.tif,landcover_194_2021.tif,0,124,118,0.0,
296,114.60992760089908,33.76482571395408,2022,rgb_296_2022.tif,ndvi_296_2022.tif,landcover_296_2022.tif,0,45,72,1.6336633663366338,
393,96.34806878973768,28.69897096653824,2022,rgb_393_2022.tif,ndvi_393_2022.tif,landcover_393_2022.tif,1,18,33,30.779920097272885,
133,16.340874888001906,26.342067493954332,2021,rgb_133_2021.tif,ndvi_133_2021.tif,landcover_133_2021.tif,0,66,65,0.0,
391,138.6253353133098,-11.507606038217176,2019,rgb_391_2019.tif,ndvi_391_2019.tif,landcover_391_2019.tif,0,56,98,,
16,116.4074,39.9042,2021,rgb_16_2021.tif,ndvi_16_2021.tif,landcover_16_2021.tif,0,62,67,0.23429823898420377,
291,127.4198764728768,28.610546132285123,2021,rgb_291_2021.tif,ndvi_291_2021.tif,landcover_291_2021.tif,0,17,30,,
284,66.41941329692509,51.38251649945862,2022,rgb_284_2022.tif,ndvi_284_2022.tif,landcover_284_2022.tif,0,172,264,0.0,
257,32.18593801748693,-18.409108072649637,2020,rgb_257_2020.tif,ndvi_257_2020.tif,landcover_257_2020.tif,1,72,94,72.23052493928638,
146,-66.97047571662605,-15.471631892237248,2020,rgb_146_2020.tif,ndvi_146_2020.tif,landcover_146_2020.tif,1,19,28,78.64623000761614,
149,111.48133607950685,50.768152652625034,2019,rgb_149_2019.tif,ndvi_149_2019.tif,landcover_149_2019.tif,0,26,45,1.290888582529139,
171,-0.997596592920047,14.819794811988302,2020,rgb_171_2020.tif,ndvi_171_2020.tif,landcover_171_2020.tif,0,41,43,3.6176694592536176,
148,-125.9448778179236,42.00036086155693,2020,rgb_148_2020.tif,ndvi_148_2020.tif,landcover_148_2020.tif,0,42,78,,
354,-89.93924158657762,17.475645204992034,2020,rgb_354_2020.tif,ndvi_354_2020.tif,landcover_354_2020.tif,1,13,37,77.12726600073991,
200,81.13509450680442,40.22530049210377,2020,rgb_200_2020.tif,ndvi_200_2020.tif,landcover_200_2020.tif,0,62,73,0.0,
393,96.34806878973768,28.69897096653824,2019,rgb_393_2019.tif,ndvi_393_2019.tif,landcover_393_2019.tif,0,16,15,18.316831683168317,
134,97.23239535562412,31.030499321634124,2022,rgb_134_2022.tif,ndvi_134_2022.tif,landcover_134_2022.tif,1,23,53,77.51801575330987,
316,38.92200067949835,-16.087750842886074,2020,rgb_316_2020.tif,ndvi_316_2020.tif,landcover_316_2020.tif,1,32,47,75.17911010558069,
37,-80.92919097295605,11.115180127691858,2019,rgb_37_2019.tif,ndvi_37_2019.tif,landcover_37_2019.tif,0,39,73,,
295,-86.64928669644026,31.760487559770624,2019,rgb_295_2019.tif,ndvi_295_2019.tif,landcover_295_2019.tif,1,29,74,76.48095318006376,
306,140.31110343785298,-25.2979209018286,2021,rgb_306_2021.tif,ndvi_306_2021.tif,landcover_306_2021.tif,0,53,57,1.8018018018018018,
265,-22.21020891406735,15.708181167714145,2019,rgb_265_2019.tif,ndvi_265_2019.tif,landcover_265_2019.tif,0,36,50,,
275,-59.96699474988043,3.717231201311826,2020,rgb_275_2020.tif,ndvi_275_2020.tif,landcover_275_2020.tif,1,12,26,40.24461269656378,
175,-69.1885276462183,13.484185097957038,2021,rgb_175_2021.tif,ndvi_175_2021.tif,landcover_175_2021.tif,0,66,143,,
137,-110.73670136659749,35.21012623913302,2021,rgb_137_2021.tif,ndvi_137_2021.tif,landcover_137_2021.tif,0,97,171,28.72092087257506,
356,86.20727608425227,42.35102935374536,2019,rgb_356_2019.tif,ndvi_356_2019.tif,landcover_356_2019.tif,0,36,46,0.0,
24,109.7062970641344,-1.2175236602865525,2022,rgb_24_2022.tif,ndvi_24_2022.tif,landcover_24_2022.tif,0,10,25,,
381,99.00395172202724,-4.322760525173841,2021,rgb_381_2021.tif,ndvi_381_2021.tif,landcover_381_2021.tif,0,2,20,,
301,-120.87336089011905,33.3959038619485,2019,rgb_301_2019.tif,ndvi_301_2019.tif,landcover_301_2019.tif,0,58,83,,
388,-155.28508538062383,-5.171028616735292,2020,rgb_388_2020.tif,ndvi_388_2020.tif,landcover_388_2020.tif,0,54,68,,
136,-94.30715041733414,45.30975173663512,2019,rgb_136_2019.tif,ndvi_136_2019.tif,landcover_136_2019.tif,1,24,40,45.82150522744582,
146,-66.97047571662605,-15.471631892237248,2022,rgb_146_2022.tif,ndvi_146_2022.tif,landcover_146_2022.tif,1,21,31,78.64623000761614,
20,-96.797,32.7767,2021,rgb_20_2021.tif,ndvi_20_2021.tif,landcover_20_2021.tif,0,120,148,0.10726072607260727,
306,140.31110343785298,-25.2979209018286,2020,rgb_306_2020.tif,ndvi_306_2020.tif,landcover_306_2020.tif,0,58,61,9.124966550709125,
173,112.46559379771384,10.69328681228967,2020,rgb_173_2020.tif,ndvi_173_2020.tif,landcover_173_2020.tif,0,22,35,,
39,32.35970314280823,52.5937300785328,2019,rgb_39_2019.tif,ndvi_39_2019.tif,landcover_39_2019.tif,0,14,49,3.4743474347434744,
355,134.43296745388278,7.294370610708576,2022,rgb_355_2022.tif,ndvi_355_2022.tif,landcover_355_2022.tif,0,8,21,18.190642593671132,
371,-66.42963026035396,41.6401725281048,2020,rgb_371_2020.tif,ndvi_371_2020.tif,landcover_371_2020.tif,0,22,49,,
133,16.340874888001906,26.342067493954332,2020,rgb_133_2020.tif,ndvi_133_2020.tif,landcover_133_2020.tif,0,66,71,0.0,
171,-0.997596592920047,14.819794811988302,2022,rgb_171_2022.tif,ndvi_171_2022.tif,landcover_171_2022.tif,0,38,63,12.147753236862147,
183,-103.6488789655694,38.883738001496056,2022,rgb_183_2022.tif,ndvi_183_2022.tif,landcover_183_2022.tif,0,42,86,3.7979579207920793,
371,-66.42963026035396,41.6401725281048,2022,rgb_371_2022.tif,ndvi_371_2022.tif,landcover_371_2022.tif,0,34,47,,
381,99.00395172202724,-4.322760525173841,2019,rgb_381_2019.tif,ndvi_381_2019.tif,landcover_381_2019.tif,0,6,43,,
350,-6.870046439637292,-44.35996031153291,2021,rgb_350_2021.tif,ndvi_350_2021.tif,landcover_350_2021.tif,0,1,10,,
277,124.3202856925783,53.12861599345676,2021,rgb_277_2021.tif,ndvi_277_2021.tif,landcover_277_2021.tif,1,31,43,35.57003639779265,
359,96.71097228402334,54.733611802889385,2021,rgb_359_2021.tif,ndvi_359_2021.tif,landcover_359_2021.tif,1,21,36,73.67939106049334,
391,138.6253353133098,-11.507606038217176,2022,rgb_391_2022.tif,ndvi_391_2022.tif,landcover_391_2022.tif,0,38,58,,
199,-81.50273128194692,3.8230422035848406,2022,rgb_199_2022.tif,ndvi_199_2022.tif,landcover_199_2022.tif,0,3,6,,
318,138.11496840126603,-1.969470403553629,2019,rgb_318_2019.tif,ndvi_318_2019.tif,landcover_318_2019.tif,1,3,13,78.06862745098039,
183,-103.6488789655694,38.883738001496056,2021,rgb_183_2021.tif,ndvi_183_2021.tif,landcover_183_2021.tif,0,43,51,6.737314356435643,
314,-124.6089282952076,43.42627837485344,2020,rgb_314_2020.tif,ndvi_314_2020.tif,landcover_314_2020.tif,0,16,29,,
301,-120.87336089011905,33.3959038619485,2020,rgb_301_2020.tif,ndvi_301_2020.tif,landcover_301_2020.tif,0,63,85,,
247,129.38178614373402,46.29234351485164,2020,rgb_247_2020.tif,ndvi_247_2020.tif,landcover_247_2020.tif,1,50,63,38.70858688302907,
17,103.8198,1.3521,2019,rgb_17_2019.tif,ndvi_17_2019.tif,landcover_17_2019.tif,1,10,29,78.82178217821783,
376,54.55438179613702,39.51852172570579,2019,rgb_376_2019.tif,ndvi_376_2019.tif,landcover_376_2019.tif,0,63,90,0.0,
18,-43.1729,-22.9068,2022,rgb_18_2022.tif,ndvi_18_2022.tif,landcover_18_2022.tif,0,23,32,0.0,
148,-125.9448778179236,42.00036086155693,2019,rgb_148_2019.tif,ndvi_148_2019.tif,landcover_148_2019.tif,0,46,66,,
200,81.13509450680442,40.22530049210377,2022,rgb_200_2022.tif,ndvi_200_2022.tif,landcover_200_2022.tif,0,54,77,0.0,
235,-14.125383497304256,8.937240782877694,2019,rgb_235_2019.tif,ndvi_235_2019.tif,landcover_235_2019.tif,0,26,39,,
162,104.70806082295104,49.14020311924816,2022,rgb_162_2022.tif,ndvi_162_2022.tif,landcover_162_2022.tif,0,59,106,5.71410082184689,
257,32.18593801748693,-18.409108072649637,2022,rgb_257_2022.tif,ndvi_257_2022.tif,landcover_257_2022.tif,1,69,90,71.42723706332897,
303,59.48279414813078,22.698883802712015,2020,rgb_303_2020.tif,ndvi_303_2020.tif,landcover_303_2020.tif,0,59,91,,
194,26.504988297432135,23.800590982316052,2020,rgb_194_2020.tif,ndvi_194_2020.tif,landcover_194_2020.tif,0,132,134,0.0,
300,-0.7921006520542164,34.478550692997274,2021,rgb_300_2021.tif,ndvi_300_2021.tif,landcover_300_2021.tif,0,162,195,0.0,
137,-110.73670136659749,35.21012623913302,2022,rgb_137_2022.tif,ndvi_137_2022.tif,landcover_137_2022.tif,0,96,218,21.106013040328424,
291,127.4198764728768,28.610546132285123,2019,rgb_291_2019.tif,ndvi_291_2019.tif,landcover_291_2019.tif,0,15,23,,
300,-0.7921006520542164,34.478550692997274,2019,rgb_300_2019.tif,ndvi_300_2019.tif,landcover_300_2019.tif,0,181,204,0.6873414614188692,
263,131.01995817019937,52.29019249017185,2019,rgb_263_2019.tif,ndvi_263_2019.tif,landcover_263_2019.tif,0,88,110,0.0,
18,-43.1729,-22.9068,2019,rgb_18_2019.tif,ndvi_18_2019.tif,landcover_18_2019.tif,0,28,35,0.0,
355,134.43296745388278,7.294370610708576,2020,rgb_355_2020.tif,ndvi_355_2020.tif,landcover_355_2020.tif,0,13,28,18.433313919627256,
29,36.87868093329402,38.18269482926013,2020,rgb_29_2020.tif,ndvi_29_2020.tif,landcover_29_2020.tif,0,42,47,0.0,
390,49.267002040166744,25.200185615188204,2019,rgb_390_2019.tif,ndvi_390_2019.tif,landcover_390_2019.tif,0,50,113,0.0,
19,-0.4796,39.4699,2019,rgb_19_2019.tif,ndvi_19_2019.tif,landcover_19_2019.tif,0,83,102,4.132730015082956,
289,-103.25583453334848,50.74392893233866,2020,rgb_289_2020.tif,ndvi_289_2020.tif,landcover_289_2020.tif,0,41,48,5.641696245096208,
163,116.68180555458258,-1.1894328048317178,2020,rgb_163_2020.tif,ndvi_163_2020.tif,landcover_163_2020.tif,0,6,36,14.544554455445544,
320,80.60571909612003,14.483244420773232,2021,rgb_320_2021.tif,ndvi_320_2021.tif,landcover_320_2021.tif,0,33,36,,
247,129.38178614373402,46.29234351485164,2021,rgb_247_2021.tif,ndvi_247_2021.tif,landcover_247_2021.tif,1,41,54,47.37660581473968,
18,-43.1729,-22.9068,2020,rgb_18_2020.tif,ndvi_18_2020.tif,landcover_18_2020.tif,0,23,35,0.0,
348,-122.13196323567809,34.58538809694238,2022,rgb_348_2022.tif,ndvi_348_2022.tif,landcover_348_2022.tif,0,23,61,,
287,116.35440530014417,51.22708630907978,2021,rgb_287_2021.tif,ndvi_287_2021.tif,landcover_287_2021.tif,0,29,39,0.7116336633663367,
228,-90.68441561733982,17.517107790593926,2020,rgb_228_2020.tif,ndvi_228_2020.tif,landcover_228_2020.tif,1,48,84,58.34983498349835,
296,114.60992760089908,33.76482571395408,2020,rgb_296_2020.tif,ndvi_296_2020.tif,landcover_296_2020.tif,0,40,57,0.0,
23,-172.39612497652988,-12.430625531202786,2022,rgb_23_2022.tif,ndvi_23_2022.tif,landcover_23_2022.tif,0,30,47,,
359,96.71097228402334,54.733611802889385,2022,rgb_359_2022.tif,ndvi_359_2022.tif,landcover_359_2022.tif,1,27,45,53.44245407199679,
390,49.267002040166744,25.200185615188204,2020,rgb_390_2020.tif,ndvi_390_2020.tif,landcover_390_2020.tif,0,61,126,0.0,
351,65.46028161385055,43.409100654406416,2019,rgb_351_2019.tif,ndvi_351_2019.tif,landcover_351_2019.tif,0,70,82,0.15066724063710718,
196,121.179941937791,52.88019180925278,2021,rgb_196_2021.tif,ndvi_196_2021.tif,landcover_196_2021.tif,1,72,115,46.88059167362519,
147,-78.47953947472364,11.60650924069239,2019,rgb_147_2019.tif,ndvi_147_2019.tif,landcover_147_2019.tif,0,20,39,,
352,-58.77688520661326,9.73759452374462,2019,rgb_352_2019.tif,ndvi_352_2019.tif,landcover_352_2019.tif,0,75,107,,
389,34.07103788617363,30.238824262547084,2022,rgb_389_2022.tif,ndvi_389_2022.tif,landcover_389_2022.tif,0,108,147,0.0,
250,99.66338359875056,42.94005628351661,2019,rgb_250_2019.tif,ndvi_250_2019.tif,landcover_250_2019.tif,0,68,77,0.0,
344,-44.42907400786865,6.56608298688306,2020,rgb_344_2020.tif,ndvi_344_2020.tif,landcover_344_2020.tif,0,2,5,,
229,-105.50369096699826,52.88332168439376,2020,rgb_229_2020.tif,ndvi_229_2020.tif,landcover_229_2020.tif,0,52,46,0.059644518668734346,
143,-72.01101985365345,15.62787212495138,2020,rgb_143_2020.tif,ndvi_143_2020.tif,landcover_143_2020.tif,0,37,60,,
260,48.21909398022996,46.419858881190834,2019,rgb_260_2019.tif,ndvi_260_2019.tif,landcover_260_2019.tif,0,55,63,0.8945032434277911,
277,124.3202856925783,53.12861599345676,2022,rgb_277_2022.tif,ndvi_277_2022.tif,landcover_277_2022.tif,1,41,66,34.16696019725256,
320,80.60571909612003,14.483244420773232,2022,rgb_320_2022.tif,ndvi_320_2022.tif,landcover_320_2022.tif,0,24,68,,
258,-163.93666010815153,53.10615302382894,2020,rgb_258_2020.tif,ndvi_258_2020.tif,landcover_258_2020.tif,0,14,37,,
191,-100.69414322239436,39.559085008743224,2021,rgb_191_2021.tif,ndvi_191_2021.tif,landcover_191_2021.tif,0,35,40,0.0,
268,159.37510528297753,53.93297259872698,2020,rgb_268_2020.tif,ndvi_268_2020.tif,landcover_268_2020.tif,0,46,55,0.0,
239,-126.0601236405344,37.76727596376644,2021,rgb_239_2021.tif,ndvi_239_2021.tif,landcover_239_2021.tif,0,47,74,,
183,-103.6488789655694,38.883738001496056,2019,rgb_183_2019.tif,ndvi_183_2019.tif,landcover_183_2019.tif,0,37,41,3.1636757425742577,
228,-90.68441561733982,17.517107790593926,2021,rgb_228_2021.tif,ndvi_228_2021.tif,landcover_228_2021.tif,1,51,75,40.88637435172089,
310,43.614892361853975,13.640480599282055,2020,rgb_310_2020.tif,ndvi_310_2020.tif,landcover_310_2020.tif,1,47,58,77.66565118050266,
303,59.48279414813078,22.698883802712015,2021,rgb_303_2021.tif,ndvi_303_2021.tif,landcover_303_2021.tif,0,57,76,,
180,14.152899544242558,46.39750912259167,2019,rgb_180_2019.tif,ndvi_180_2019.tif,landcover_180_2019.tif,1,15,58,31.88801638784568,
263,131.01995817019937,52.29019249017185,2021,rgb_263_2021.tif,ndvi_263_2021.tif,landcover_263_2021.tif,1,69,82,54.26714450586163,
188,62.74955371499891,27.5586223252578,2021,rgb_188_2021.tif,ndvi_188_2021.tif,landcover_188_2021.tif,0,121,122,0.0,
310,43.614892361853975,13.640480599282055,2019,rgb_310_2019.tif,ndvi_310_2019.tif,landcover_310_2019.tif,1,45,62,37.42383853769992,
307,112.70280061682774,25.85500692948922,2022,rgb_307_2022.tif,ndvi_307_2022.tif,landcover_307_2022.tif,1,31,39,45.96004243281471,
299,19.22973282394696,19.573511123221493,2022,rgb_299_2022.tif,ndvi_299_2022.tif,landcover_299_2022.tif,0,59,62,0.0,
287,116.35440530014417,51.22708630907978,2020,rgb_287_2020.tif,ndvi_287_2020.tif,landcover_287_2020.tif,0,38,66,0.0,
295,-86.64928669644026,31.760487559770624,2020,rgb_295_2020.tif,ndvi_295_2020.tif,landcover_295_2020.tif,1,30,78,76.59842255411982,
378,-47.72344855764459,-24.642663615300123,2021,rgb_378_2021.tif,ndvi_378_2021.tif,landcover_378_2021.tif,1,12,94,77.84878487848785,
271,17.854606843825422,47.45613227626275,2020,rgb_271_2020.tif,ndvi_271_2020.tif,landcover_271_2020.tif,0,22,59,0.2073856034252074,
19,-0.4796,39.4699,2020,rgb_19_2020.tif,ndvi_19_2020.tif,landcover_19_2020.tif,0,65,86,6.282051282051282,
388,-155.28508538062383,-5.171028616735292,2021,rgb_388_2021.tif,ndvi_388_2021.tif,landcover_388_2021.tif,0,52,61,,
256,136.19325762942924,20.539435286309853,2019,rgb_256_2019.tif,ndvi_256_2019.tif,landcover_256_2019.tif,0,6,9,,
250,99.66338359875056,42.94005628351661,2020,rgb_250_2020.tif,ndvi_250_2020.tif,landcover_250_2020.tif,0,81,87,0.0,
316,38.92200067949835,-16.087750842886074,2021,rgb_316_2021.tif,ndvi_316_2021.tif,landcover_316_2021.tif,1,29,38,75.98039215686273,
254,20.8997360556298,-34.110784839029705,2019,rgb_254_2019.tif,ndvi_254_2019.tif,landcover_254_2019.tif,0,53,95,11.349316749856804,
258,-163.93666010815153,53.10615302382894,2021,rgb_258_2021.tif,ndvi_258_2021.tif,landcover_258_2021.tif,0,17,46,,
16,116.4074,39.9042,2019,rgb_16_2019.tif,ndvi_16_2019.tif,landcover_16_2019.tif,0,65,84,0.4081324162950646,
188,62.74955371499891,27.5586223252578,2019,rgb_188_2019.tif,ndvi_188_2019.tif,landcover_188_2019.tif,0,110,113,0.0,
245,99.19622219955828,30.430672715407795,2020,rgb_245_2020.tif,ndvi_245_2020.tif,landcover_245_2020.tif,0,14,24,15.553863078615555,
143,-72.01101985365345,15.62787212495138,2022,rgb_143_2022.tif,ndvi_143_2022.tif,landcover_143_2022.tif,0,40,58,,
257,32.18593801748693,-18.409108072649637,2019,rgb_257_2019.tif,ndvi_257_2019.tif,landcover_257_2019.tif,1,84,103,69.97011021856903,
318,138.11496840126603,-1.969470403553629,2020,rgb_318_2020.tif,ndvi_318_2020.tif,landcover_318_2020.tif,1,3,16,78.06862745098039,
237,15.08096763982067,-22.034186627851778,2021,rgb_237_2021.tif,ndvi_237_2021.tif,landcover_237_2021.tif,0,96,120,0.0,
190,-72.80100421686622,-47.99171902346296,2021,rgb_190_2021.tif,ndvi_190_2021.tif,landcover_190_2021.tif,0,16,23,0.0,
256,136.19325762942924,20.539435286309853,2022,rgb_256_2022.tif,ndvi_256_2022.tif,landcover_256_2022.tif,0,9,18,,
134,97.23239535562412,31.030499321634124,2019,rgb_134_2019.tif,ndvi_134_2019.tif,landcover_134_2019.tif,1,11,13,77.65208647561589,
23,-172.39612497652988,-12.430625531202786,2021,rgb_23_2021.tif,ndvi_23_2021.tif,landcover_23_2021.tif,0,27,45,,
388,-155.28508538062383,-5.171028616735292,2022,rgb_388_2022.tif,ndvi_388_2022.tif,landcover_388_2022.tif,0,56,63,,
326,168.6936064574411,-10.842478462734078,2019,rgb_326_2019.tif,ndvi_326_2019.tif,landcover_326_2019.tif,0,68,91,,
363,-42.343815385813855,-11.39691030859251,2020,rgb_363_2020.tif,ndvi_363_2020.tif,landcover_363_2020.tif,1,35,45,78.78081925839643,
151,58.5165952366674,41.46905283822247,2020,rgb_151_2020.tif,ndvi_151_2020.tif,landcover_151_2020.tif,0,71,100,0.0,
18,-43.1729,-22.9068,2021,rgb_18_2021.tif,ndvi_18_2021.tif,landcover_18_2021.tif,0,24,34,0.0,
16,116.4074,39.9042,2022,rgb_16_2022.tif,ndvi_16_2022.tif,landcover_16_2022.tif,0,62,67,1.9197339581286375,
359,96.71097228402334,54.733611802889385,2019,rgb_359_2019.tif,ndvi_359_2019.tif,landcover_359_2019.tif,1,15,38,58.70772048303097,
348,-122.13196323567809,34.58538809694238,2021,rgb_348_2021.tif,ndvi_348_2021.tif,landcover_348_2021.tif,0,11,26,,
340,111.2946978956444,17.046449589052898,2019,rgb_340_2019.tif,ndvi_340_2019.tif,landcover_340_2019.tif,0,31,44,,
289,-103.25583453334848,50.74392893233866,2019,rgb_289_2019.tif,ndvi_289_2019.tif,landcover_289_2019.tif,0,35,46,1.8618843016377111,
326,168.6936064574411,-10.842478462734078,2022,rgb_326_2022.tif,ndvi_326_2022.tif,landcover_326_2022.tif,0,80,94,,
163,116.68180555458258,-1.1894328048317178,2021,rgb_163_2021.tif,ndvi_163_2021.tif,landcover_163_2021.tif,0,5,22,,
229,-105.50369096699826,52.88332168439376,2019,rgb_229_2019.tif,ndvi_229_2019.tif,landcover_229_2019.tif,0,48,50,0.0,
134,97.23239535562412,31.030499321634124,2020,rgb_134_2020.tif,ndvi_134_2020.tif,landcover_134_2020.tif,1,12,8,77.47611865258925,
380,-43.93354991019447,17.189207595879182,2020,rgb_380_2020.tif,ndvi_380_2020.tif,landcover_380_2020.tif,0,4,6,,
370,-129.51218680923586,-28.031117775862867,2022,rgb_370_2022.tif,ndvi_370_2022.tif,landcover_370_2022.tif,0,23,53,,
162,104.70806082295104,49.14020311924816,2021,rgb_162_2021.tif,ndvi_162_2021.tif,landcover_162_2021.tif,0,42,62,5.060506050605061,
378,-47.72344855764459,-24.642663615300123,2020,rgb_378_2020.tif,ndvi_378_2020.tif,landcover_378_2020.tif,1,36,127,74.62646264626463,
291,127.4198764728768,28.610546132285123,2020,rgb_291_2020.tif,ndvi_291_2020.tif,landcover_291_2020.tif,0,14,35,,
39,32.35970314280823,52.5937300785328,2021,rgb_39_2021.tif,ndvi_39_2021.tif,landcover_39_2021.tif,0,15,41,4.944494449444944,
378,-47.72344855764459,-24.642663615300123,2022,rgb_378_2022.tif,ndvi_378_2022.tif,landcover_378_2022.tif,1,20,99,72.74527452745274,
229,-105.50369096699826,52.88332168439376,2022,rgb_229_2022.tif,ndvi_229_2022.tif,landcover_229_2022.tif,0,38,62,0.5845162829535966,
167,-126.07972145245832,54.40789739627935,2020,rgb_167_2020.tif,ndvi_167_2020.tif,landcover_167_2020.tif,0,53,80,7.484040127678979,
388,-155.28508538062383,-5.171028616735292,2019,rgb_388_2019.tif,ndvi_388_2019.tif,landcover_388_2019.tif,0,44,61,,
159,69.19895020946797,41.78923751835481,2021,rgb_159_2021.tif,ndvi_159_2021.tif,landcover_159_2021.tif,0,79,85,0.0,
354,-89.93924158657762,17.475645204992034,2021,rgb_354_2021.tif,ndvi_354_2021.tif,landcover_354_2021.tif,1,15,30,77.12726600073991,
23,-172.39612497652988,-12.430625531202786,2020,rgb_23_2020.tif,ndvi_23_2020.tif,landcover_23_2020.tif,0,25,45,,
351,65.46028161385055,43.409100654406416,2022,rgb_351_2022.tif,ndvi_351_2022.tif,landcover_351_2022.tif,0,73,88,0.0,
376,54.55438179613702,39.51852172570579,2021,rgb_376_2021.tif,ndvi_376_2021.tif,landcover_376_2021.tif,0,84,109,0.0,
196,121.179941937791,52.88019180925278,2019,rgb_196_2019.tif,ndvi_196_2019.tif,landcover_196_2019.tif,0,66,125,0.0,
191,-100.69414322239436,39.559085008743224,2020,rgb_191_2020.tif,ndvi_191_2020.tif,landcover_191_2020.tif,0,38,45,0.0,
297,52.0130074070878,23.516425946129782,2020,rgb_297_2020.tif,ndvi_297_2020.tif,landcover_297_2020.tif,0,119,189,0.0,
138,106.15154789390192,-2.4007601626589192,2021,rgb_138_2021.tif,ndvi_138_2021.tif,landcover_138_2021.tif,1,12,27,66.4444662288011,
258,-163.93666010815153,53.10615302382894,2022,rgb_258_2022.tif,ndvi_258_2022.tif,landcover_258_2022.tif,0,14,43,,
138,106.15154789390192,-2.4007601626589192,2019,rgb_138_2019.tif,ndvi_138_2019.tif,landcover_138_2019.tif,1,22,53,75.4533869228507,
17,103.8198,1.3521,2021,rgb_17_2021.tif,ndvi_17_2021.tif,landcover_17_2021.tif,1,8,14,78.82178217821783,
190,-72.80100421686622,-47.99171902346296,2022,rgb_190_2022.tif,ndvi_190_2022.tif,landcover_190_2022.tif,0,14,29,0.0,
383,90.75493702846028,52.54658838823214,2021,rgb_383_2021.tif,ndvi_383_2021.tif,landcover_383_2021.tif,1,60,90,77.37373737373737,
340,111.2946978956444,17.046449589052898,2022,rgb_340_2022.tif,ndvi_340_2022.tif,landcover_340_2022.tif,0,19,41,,
235,-14.125383497304256,8.937240782877694,2022,rgb_235_2022.tif,ndvi_235_2022.tif,landcover_235_2022.tif,0,23,48,,
370,-129.51218680923586,-28.031117775862867,2021,rgb_370_2021.tif,ndvi_370_2021.tif,landcover_370_2021.tif,0,19,40,,
35,-176.53135131986818,54.174114161888895,2022,rgb_35_2022.tif,ndvi_35_2022.tif,landcover_35_2022.tif,0,5,41,,
280,2.1049518191333902,27.92217235316376,2022,rgb_280_2022.tif,ndvi_280_2022.tif,landcover_280_2022.tif,0,55,116,0.0,
19,-0.4796,39.4699,2021,rgb_19_2021.tif,ndvi_19_2021.tif,landcover_19_2021.tif,0,56,74,5.535444947209653,
28,135.12740402002555,49.01626093823987,2019,rgb_28_2019.tif,ndvi_28_2019.tif,landcover_28_2019.tif,1,71,127,63.73519704911668,
263,131.01995817019937,52.29019249017185,2022,rgb_263_2022.tif,ndvi_263_2022.tif,landcover_263_2022.tif,0,79,113,0.0,
191,-100.69414322239436,39.559085008743224,2022,rgb_191_2022.tif,ndvi_191_2022.tif,landcover_191_2022.tif,0,45,67,0.0,
167,-126.07972145245832,54.40789739627935,2021,rgb_167_2021.tif,ndvi_167_2021.tif,landcover_167_2021.tif,1,44,69,75.7466940264478,
141,-69.09294057907314,-21.947879234471714,2022,rgb_141_2022.tif,ndvi_141_2022.tif,landcover_141_2022.tif,0,53,113,0.0,
280,2.1049518191333902,27.92217235316376,2021,rgb_280_2021.tif,ndvi_280_2021.tif,landcover_280_2021.tif,0,58,123,0.0,
268,159.37510528297753,53.93297259872698,2022,rgb_268_2022.tif,ndvi_268_2022.tif,landcover_268_2022.tif,1,27,46,44.082702387885845,
